timestamp,value
2025-08-06,4439
2025-08-07,5007
2025-08-08,4800
2025-08-09,3387
2025-08-10,3467
2025-08-11,4484
2025-08-12,4527
2025-08-13,3909
2025-08-14,3830
2025-08-15,4044
2025-08-16,3132
2025-08-17,3206
2025-08-18,4520
2025-08-19,4226
2025-08-20,4332
2025-08-21,3830
2025-08-22,4071
2025-08-23,3447
2025-08-24,3432
2025-08-25,3924
2025-08-26,4197
2025-08-27,4847
2025-08-28,4094
2025-08-29,3851
2025-08-30,3129
2025-08-31,3177
2025-09-01,3958
2025-09-02,3972
2025-09-03,3500
2025-09-04,3629
2025-09-05,3860
2025-09-06,2997
2025-09-07,2880
2025-09-08,3774
2025-09-09,3819
2025-09-10,4042
2025-09-11,3716
2025-09-12,3837
2025-09-13,2762
2025-09-14,2996
2025-09-15,3741
2025-09-16,3853
2025-09-17,3777
2025-09-18,3711
2025-09-19,3486
2025-09-20,2780
2025-09-21,2932
2025-09-22,3244
2025-09-23,3221
2025-09-24,3409
2025-09-25,3439
2025-09-26,3080
2025-09-27,2540
2025-09-28,2511
2025-09-29,2634
2025-09-30,3113
2025-10-01,3097
2025-10-02,3064
2025-10-03,3418
2025-10-04,2146
2025-10-05,2196
2025-10-06,2351
2025-10-07,2825
2025-10-08,2813
2025-10-09,2754
2025-10-10,3090
2025-10-11,2346
2025-10-12,2182
2025-10-13,2656
2025-10-14,2926
2025-10-15,2666
2025-10-16,2464
2025-10-17,2246
2025-10-18,1940
2025-10-19,2104
2025-10-20,2958
2025-10-21,2481
2025-10-22,2286
2025-10-23,2174
2025-10-24,2473
2025-10-25,1569
2025-10-26,1881
2025-10-27,2417
2025-10-28,2314
2025-10-29,2164
2025-10-30,2268
2025-10-31,2167
2025-11-01,1545
2025-11-02,1862
2025-11-03,1983
2025-11-04,2134
2025-11-05,1595
2025-11-06,2144
2025-11-07,2139
2025-11-08,1477
2025-11-09,1515
2025-11-10,1903
2025-11-11,1699
2025-11-12,1838
2025-11-13,1619
2025-11-14,1619
2025-11-15,1427
2025-11-16,1386
2025-11-17,1523
2025-11-18,1493
2025-11-19,1478
2025-11-20,1620
2025-11-21,1382
2025-11-22,1188
2025-11-23,1202
2025-11-24,1412
2025-11-25,1509
2025-11-26,1337
2025-11-27,1322
2025-11-28,1217
2025-11-29,1097
2025-11-30,934
2025-12-01,1283
2025-12-02,1217
2025-12-03,1100
2025-12-04,1122
2025-12-05,1285
2025-12-06,903
2025-12-07,802
2025-12-08,1120
2025-12-09,1061
2025-12-10,1345
2025-12-11,1058
2025-12-12,984
2025-12-13,869
2025-12-14,653
2025-12-15,969
2025-12-16,1096
2025-12-17,920
2025-12-18,786
2025-12-19,869
2025-12-20,771
2025-12-21,700
2025-12-22,797
2025-12-23,795
2025-12-24,791
2025-12-25,840
2025-12-26,891
2025-12-27,673
2025-12-28,635
2025-12-29,691
2025-12-30,683
2025-12-31,787
2026-01-01,666
2026-01-02,725
2026-01-03,586
2026-01-04,516
2026-01-05,660
2026-01-06,708
2026-01-07,737
2026-01-08,764
2026-01-09,734
2026-01-10,549
2026-01-11,511
2026-01-12,633
2026-01-13,663
2026-01-14,713
2026-01-15,709
2026-01-16,574
2026-01-17,507
2026-01-18,594
2026-01-19,699
2026-01-20,618
2026-01-21,832
2026-01-22,703
2026-01-23,730
2026-01-24,576
2026-01-25,546
2026-01-26,683
2026-01-27,856
2026-01-28,798
2026-01-29,796
2026-01-30,790
2026-01-31,550
2026-02-01,667
2026-02-02,730
2026-02-03,812
2026-02-04,699
2026-02-05,683
2026-02-06,850
2026-02-07,616
2026-02-08,562
2026-02-09,906
2026-02-10,1032
2026-02-11,997
2026-02-12,894
2026-02-13,929
2026-02-14,792
2026-02-15,820
2026-02-16,952
2026-02-17,1000
2026-02-18,1040
2026-02-19,1080
2026-02-20,1042
2026-02-21,832
2026-02-22,950
2026-02-23,1222
2026-02-24,1179
2026-02-25,1316
2026-02-26,1143
2026-02-27,1358
2026-02-28,1000
2026-03-01,1232
2026-03-02,1150
2026-03-03,1224
2026-03-04,1364
2026-03-05,1388
2026-03-06,1584
2026-03-07,1034
2026-03-08,1194
2026-03-09,1583
2026-03-10,1559
2026-03-11,1387
2026-03-12,1703
2026-03-13,1711
2026-03-14,1301
2026-03-15,1284
2026-03-16,1673
2026-03-17,1662
2026-03-18,1789
2026-03-19,1736
2026-03-20,1642
2026-03-21,1284
2026-03-22,1340
2026-03-23,1885
2026-03-24,1879
2026-03-25,1947
2026-03-26,2024
2026-03-27,1878
2026-03-28,1757
2026-03-29,1563
2026-03-30,2001
2026-03-31,2186
2026-04-01,1824
2026-04-02,2033
2026-04-03,2376
2026-04-04,1507
2026-04-05,1934
2026-04-06,2580
2026-04-07,2266
2026-04-08,2424
2026-04-09,2617
2026-04-10,2344
2026-04-11,2066
2026-04-12,1853
2026-04-13,2439
2026-04-14,2405
2026-04-15,2674
2026-04-16,2881
2026-04-17,2631
2026-04-18,1901
2026-04-19,1957
2026-04-20,2859
2026-04-21,3218
2026-04-22,2928
2026-04-23,2783
2026-04-24,3083
2026-04-25,2256
2026-04-26,2255
2026-04-27,2774
2026-04-28,3380
2026-04-29,2447
2026-04-30,3302
2026-05-01,3020
2026-05-02,2398
2026-05-03,2844
2026-05-04,3048
2026-05-05,3087
2026-05-06,3263
2026-05-07,3439
2026-05-08,3241
2026-05-09,2320
2026-05-10,2493
2026-05-11,3807
2026-05-12,3504
2026-05-13,3641
2026-05-14,3470
2026-05-15,3385
2026-05-16,3198
2026-05-17,2800
2026-05-18,3531
2026-05-19,4013
2026-05-20,3503
2026-05-21,3568
2026-05-22,3777
2026-05-23,2975
2026-05-24,3058
2026-05-25,4499
2026-05-26,3985
2026-05-27,3163
2026-05-28,4035
2026-05-29,3969
2026-05-30,3127
2026-05-31,3197
2026-06-01,4021
2026-06-02,4037
2026-06-03,4277
2026-06-04,3922
2026-06-05,3809
2026-06-06,4027
2026-06-07,3073
2026-06-08,4220
2026-06-09,3703
2026-06-10,4266
2026-06-11,3929
2026-06-12,4114
2026-06-13,3633
2026-06-14,3494
2026-06-15,4516
2026-06-16,3722
2026-06-17,4993
2026-06-18,3953
2026-06-19,4921
2026-06-20,3725
2026-06-21,3615
2026-06-22,4126
2026-06-23,4496
2026-06-24,4287
2026-06-25,4478
2026-06-26,4390
2026-06-27,2941
2026-06-28,3839
2026-06-29,4483
2026-06-30,4346
2026-07-01,4328
2026-07-02,4670
2026-07-03,4222
2026-07-04,2922
2026-07-05,3686
2026-07-06,4758
2026-07-07,4501
2026-07-08,4159
2026-07-09,4616
2026-07-10,4050
2026-07-11,3298
2026-07-12,3379
2026-07-13,4907
2026-07-14,4465
2026-07-15,4435
2026-07-16,5319
2026-07-17,4730
2026-07-18,3697
2026-07-19,3492
2026-07-20,4377
2026-07-21,3791
2026-07-22,4947
2026-07-23,4752
2026-07-24,4518
2026-07-25,3544
2026-07-26,3790
2026-07-27,4000
2026-07-28,4347
2026-07-29,4141
2026-07-30,5192
2026-07-31,4857
2026-08-01,2921
2026-08-02,3110
2026-08-03,4464
2026-08-04,4332
2026-08-05,4015
